{
  "collectCoverage": true,
  "coverageThreshold": {
    "global": {
      "statements": 80,
      "functions": 80,
      "lines": 80
    }
  },
  "testPathIgnorePatterns": [
    "/node_modules/",
    "/test-utils/",
    "/dist/",
    "/coverage/",
    ".entity.ts",
    "main.ts",
    ".config.ts",
    ".filter.ts",
    ".dto.ts",
    ".module.ts",
    ".exception.ts"
  ],
  "coveragePathIgnorePatterns": [
    "/node_modules/",
    "/test-utils/",
    "/dist/",
    "/coverage/",
    ".entity.ts",
    "main.ts",
    ".config.ts",
    ".filter.ts",
    ".dto.ts",
    ".module.ts",
    ".exception.ts"
  ],
  "moduleFileExtensions": [
    "js",
    "json",
    "ts"
  ],
  "rootDir": "src",
  "testRegex": ".*\\.spec\\.ts$",
  "transform": {
    "^.+\\.(t|j)s$": "ts-jest"
  },
  "collectCoverageFrom": [
    "**/*.(t|j)s"
  ],
  "coverageDirectory": "../coverage",
  "testEnvironment": "node",
  "testEnvironmentOptions": {
    "NODE_ENV": "test"
  }
}