{
	"info": {
		"_postman_id": "df651bbc-8fa0-42ef-869f-c94e77f6b5e4",
		"name": "Supermarket API - Ciudades",
		"description": "API para la consulta de la oferta de supermercados en las ciudades",
		"schema": "https://schema.getpostman.com/json/collection/v2.1.0/collection.json",
		"_exporter_id": "23864991",
		"_collection_link": "https://galactic-astronaut-467655.postman.co/workspace/ABC-JOBS~ba98451d-06c5-4dc2-838e-4db17501dd58/collection/23864991-df651bbc-8fa0-42ef-869f-c94e77f6b5e4?action=share&source=collection_link&creator=23864991"
	},
	"item": [
		{
			"name": "Ciudades",
			"item": [
				{
					"name": "create - valid",
					"event": [
						{
							"listen": "test",
							"script": {
								"exec": [
									"var data = pm.response.json()",
									"pm.globals.set(\"ciudad_id\", data.id);",
									"",
									"pm.test(\"Status code is 201\", function () {",
									"   pm.response.to.have.status(201);",
									"});",
									"",
									"pm.test(\"El tipo de dato del campo 'id' es número\", function () {",
									"    pm.expect(typeof pm.response.json().id).to.eql('number');",
									"});",
									"",
									"pm.test(\"El campo 'id' no es vacío\", function () {",
									"    pm.expect((pm.response.json().id).toString()).to.not.be.empty;",
									"});",
									"",
									"pm.test(\"El tipo de dato del campo 'nombre' es cadena\", function () {",
									"    pm.expect(typeof pm.response.json().nombre).to.eql('string');",
									"});",
									"",
									"pm.test(\"El campo 'nombre' no es vacío\", function () {",
									"    pm.expect(pm.response.json().nombre).to.not.be.empty;",
									"});",
									"",
									"pm.test(\"El tipo de dato del campo 'descripcion' es cadena\", function () {",
									"    pm.expect(typeof pm.response.json().pais).to.eql('string');",
									"});",
									"",
									"pm.test(\"El campo 'descripcion' no es vacío\", function () {",
									"    pm.expect(pm.response.json().pais).to.not.be.empty;",
									"});",
									""
								],
								"type": "text/javascript"
							}
						}
					],
					"request": {
						"method": "POST",
						"header": [
							{
								"key": "Content-Type",
								"value": "application/json"
							},
							{
								"key": "Accept",
								"value": "application/json"
							}
						],
						"body": {
							"mode": "raw",
							"raw": "{\n  \"nombre\": \"Ciudad de la plata\",\n  \"pais\": \"Argentina\",\n  \"numeroHabitantes\": 1000000\n}",
							"options": {
								"raw": {
									"headerFamily": "json",
									"language": "json"
								}
							}
						},
						"url": {
							"raw": "{{baseUrl}}/api/v1/cities",
							"host": [
								"{{baseUrl}}"
							],
							"path": [
								"api",
								"v1",
								"cities"
							]
						}
					},
					"response": [
						{
							"name": "Crea una nueva ciudad",
							"originalRequest": {
								"method": "POST",
								"header": [
									{
										"key": "Content-Type",
										"value": "application/json"
									},
									{
										"key": "Accept",
										"value": "application/json"
									}
								],
								"body": {
									"mode": "raw",
									"raw": "{\n  \"nombre\": \"Ciudad de la plata\",\n  \"pais\": \"Argentina\",\n  \"numeroHabitantes\": 1000000\n}",
									"options": {
										"raw": {
											"headerFamily": "json",
											"language": "json"
										}
									}
								},
								"url": {
									"raw": "{{baseUrl}}/api/v1/cities",
									"host": [
										"{{baseUrl}}"
									],
									"path": [
										"api",
										"v1",
										"cities"
									]
								}
							},
							"status": "Created",
							"code": 201,
							"_postman_previewlanguage": "json",
							"header": [
								{
									"key": "Content-Type",
									"value": "application/json"
								}
							],
							"cookie": [],
							"body": "{\n  \"id\": 1,\n  \"nombre\": \"Ciudad del Cairo\",\n  \"pais\": \"Egipto\",\n  \"numeroHabitantes\": 1000000,\n  \"supermercados\": [\n    {\n      \"id\": 1,\n      \"nombre\": \"Supermercado Ejemplo\",\n      \"longitud\": 123.456789,\n      \"latitud\": 45.678901,\n      \"paginaWeb\": \"https://www.supermercadoejemplo.com\",\n      \"ciudades\": [\n        {\n          \"value\": \"<Circular reference to #/components/schemas/Ciudad detected>\"\n        },\n        {\n          \"value\": \"<Circular reference to #/components/schemas/Ciudad detected>\"\n        }\n      ]\n    },\n    {\n      \"id\": 1,\n      \"nombre\": \"Supermercado Ejemplo\",\n      \"longitud\": 123.456789,\n      \"latitud\": 45.678901,\n      \"paginaWeb\": \"https://www.supermercadoejemplo.com\",\n      \"ciudades\": [\n        {\n          \"value\": \"<Circular reference to #/components/schemas/Ciudad detected>\"\n        },\n        {\n          \"value\": \"<Circular reference to #/components/schemas/Ciudad detected>\"\n        }\n      ]\n    }\n  ]\n}"
						},
						{
							"name": "Datos de entrada inválidos",
							"originalRequest": {
								"method": "POST",
								"header": [
									{
										"key": "Content-Type",
										"value": "application/json"
									},
									{
										"key": "Accept",
										"value": "application/json"
									}
								],
								"body": {
									"mode": "raw",
									"raw": "{\n  \"nombre\": \"Ciudad de la plata\",\n  \"pais\": \"Argentina\",\n  \"numeroHabitantes\": 1000000\n}",
									"options": {
										"raw": {
											"headerFamily": "json",
											"language": "json"
										}
									}
								},
								"url": {
									"raw": "{{baseUrl}}/api/v1/cities",
									"host": [
										"{{baseUrl}}"
									],
									"path": [
										"api",
										"v1",
										"cities"
									]
								}
							},
							"status": "Bad Request",
							"code": 400,
							"_postman_previewlanguage": "json",
							"header": [
								{
									"key": "Content-Type",
									"value": "application/json"
								}
							],
							"cookie": [],
							"body": "{\n  \"statusCode\": 404,\n  \"error\": \"Not Found \",\n  \"message\": \"Longitud del campo invalida / ID no encontrado\"\n}"
						}
					]
				},
				{
					"name": "create - invalid",
					"event": [
						{
							"listen": "test",
							"script": {
								"exec": [
									"pm.test(\"El estado de la respuesta es 400 - Bad Request\", function () {",
									"    pm.expect(pm.response.code).to.equal(400);",
									"});",
									"",
									"pm.test(\"El mensaje de error no está vacío\", function () {",
									"    pm.expect(pm.response.json().error).to.not.be.empty;",
									"});",
									"",
									"pm.test(\"El campo 'message'  no está vacío\", function () {",
									"    pm.expect(pm.response.json().message).to.not.be.empty;",
									"});",
									"",
									"",
									"pm.test(\"El campo 'statusCode' es 400\", function () {",
									"    pm.expect(pm.response.json().statusCode).to.equal(400);",
									"});",
									"",
									"pm.test(\"El campo 'error' es 'Bad Request'\", function () {",
									"    pm.expect(pm.response.json().error).to.equal(\"Bad Request\");",
									"});",
									""
								],
								"type": "text/javascript"
							}
						}
					],
					"request": {
						"method": "POST",
						"header": [
							{
								"key": "Content-Type",
								"value": "application/json"
							},
							{
								"key": "Accept",
								"value": "application/json"
							}
						],
						"body": {
							"mode": "raw",
							"raw": "{\n  \"nombre\": \"Ciudad de la plata\",\n  \"pais\": \"Egipto\",\n  \"numeroHabitantes\": 1000000\n}",
							"options": {
								"raw": {
									"headerFamily": "json",
									"language": "json"
								}
							}
						},
						"url": {
							"raw": "{{baseUrl}}/api/v1/cities",
							"host": [
								"{{baseUrl}}"
							],
							"path": [
								"api",
								"v1",
								"cities"
							]
						}
					},
					"response": [
						{
							"name": "Crea una nueva ciudad",
							"originalRequest": {
								"method": "POST",
								"header": [
									{
										"key": "Content-Type",
										"value": "application/json"
									},
									{
										"key": "Accept",
										"value": "application/json"
									}
								],
								"body": {
									"mode": "raw",
									"raw": "{\n  \"nombre\": \"Ciudad de la plata\",\n  \"pais\": \"Argentina\",\n  \"numeroHabitantes\": 1000000\n}",
									"options": {
										"raw": {
											"headerFamily": "json",
											"language": "json"
										}
									}
								},
								"url": {
									"raw": "{{baseUrl}}/api/v1/cities",
									"host": [
										"{{baseUrl}}"
									],
									"path": [
										"api",
										"v1",
										"cities"
									]
								}
							},
							"status": "Created",
							"code": 201,
							"_postman_previewlanguage": "json",
							"header": [
								{
									"key": "Content-Type",
									"value": "application/json"
								}
							],
							"cookie": [],
							"body": "{\n  \"id\": 1,\n  \"nombre\": \"Ciudad del Cairo\",\n  \"pais\": \"Egipto\",\n  \"numeroHabitantes\": 1000000,\n  \"supermercados\": [\n    {\n      \"id\": 1,\n      \"nombre\": \"Supermercado Ejemplo\",\n      \"longitud\": 123.456789,\n      \"latitud\": 45.678901,\n      \"paginaWeb\": \"https://www.supermercadoejemplo.com\",\n      \"ciudades\": [\n        {\n          \"value\": \"<Circular reference to #/components/schemas/Ciudad detected>\"\n        },\n        {\n          \"value\": \"<Circular reference to #/components/schemas/Ciudad detected>\"\n        }\n      ]\n    },\n    {\n      \"id\": 1,\n      \"nombre\": \"Supermercado Ejemplo\",\n      \"longitud\": 123.456789,\n      \"latitud\": 45.678901,\n      \"paginaWeb\": \"https://www.supermercadoejemplo.com\",\n      \"ciudades\": [\n        {\n          \"value\": \"<Circular reference to #/components/schemas/Ciudad detected>\"\n        },\n        {\n          \"value\": \"<Circular reference to #/components/schemas/Ciudad detected>\"\n        }\n      ]\n    }\n  ]\n}"
						},
						{
							"name": "Datos de entrada inválidos",
							"originalRequest": {
								"method": "POST",
								"header": [
									{
										"key": "Content-Type",
										"value": "application/json"
									},
									{
										"key": "Accept",
										"value": "application/json"
									}
								],
								"body": {
									"mode": "raw",
									"raw": "{\n  \"nombre\": \"Ciudad de la plata\",\n  \"pais\": \"Argentina\",\n  \"numeroHabitantes\": 1000000\n}",
									"options": {
										"raw": {
											"headerFamily": "json",
											"language": "json"
										}
									}
								},
								"url": {
									"raw": "{{baseUrl}}/api/v1/cities",
									"host": [
										"{{baseUrl}}"
									],
									"path": [
										"api",
										"v1",
										"cities"
									]
								}
							},
							"status": "Bad Request",
							"code": 400,
							"_postman_previewlanguage": "json",
							"header": [
								{
									"key": "Content-Type",
									"value": "application/json"
								}
							],
							"cookie": [],
							"body": "{\n  \"statusCode\": 404,\n  \"error\": \"Not Found \",\n  \"message\": \"Longitud del campo invalida / ID no encontrado\"\n}"
						}
					]
				},
				{
					"name": "find All",
					"event": [
						{
							"listen": "test",
							"script": {
								"exec": [
									"pm.test(\"Código de estado debe ser 200\", function () {",
									"    pm.response.to.have.status(200);",
									"});",
									"pm.test(\"El arreglo de respuesta no debe ser vacío\", function () {",
									"    pm.expect(pm.response.json()).to.not.be.empty;",
									"});",
									""
								],
								"type": "text/javascript"
							}
						}
					],
					"request": {
						"method": "GET",
						"header": [
							{
								"key": "Accept",
								"value": "application/json"
							}
						],
						"url": {
							"raw": "{{baseUrl}}/api/v1/cities",
							"host": [
								"{{baseUrl}}"
							],
							"path": [
								"api",
								"v1",
								"cities"
							]
						}
					},
					"response": [
						{
							"name": "Obtiene todas las ciudades",
							"originalRequest": {
								"method": "GET",
								"header": [
									{
										"key": "Accept",
										"value": "application/json"
									}
								],
								"url": {
									"raw": "{{baseUrl}}/api/v1/cities",
									"host": [
										"{{baseUrl}}"
									],
									"path": [
										"api",
										"v1",
										"cities"
									]
								}
							},
							"status": "OK",
							"code": 200,
							"_postman_previewlanguage": "json",
							"header": [
								{
									"key": "Content-Type",
									"value": "application/json"
								}
							],
							"cookie": [],
							"body": "[\n  {\n    \"id\": 1,\n    \"nombre\": \"Ciudad del Cairo\",\n    \"pais\": \"Egipto\",\n    \"numeroHabitantes\": 1000000,\n    \"supermercados\": [\n      {\n        \"id\": 1,\n        \"nombre\": \"Supermercado Ejemplo\",\n        \"longitud\": 123.456789,\n        \"latitud\": 45.678901,\n        \"paginaWeb\": \"https://www.supermercadoejemplo.com\",\n        \"ciudades\": [\n          {\n            \"value\": \"<Circular reference to #/components/schemas/Ciudad detected>\"\n          },\n          {\n            \"value\": \"<Circular reference to #/components/schemas/Ciudad detected>\"\n          }\n        ]\n      },\n      {\n        \"id\": 1,\n        \"nombre\": \"Supermercado Ejemplo\",\n        \"longitud\": 123.456789,\n        \"latitud\": 45.678901,\n        \"paginaWeb\": \"https://www.supermercadoejemplo.com\",\n        \"ciudades\": [\n          {\n            \"value\": \"<Circular reference to #/components/schemas/Ciudad detected>\"\n          },\n          {\n            \"value\": \"<Circular reference to #/components/schemas/Ciudad detected>\"\n          }\n        ]\n      }\n    ]\n  },\n  {\n    \"id\": 1,\n    \"nombre\": \"Ciudad del Cairo\",\n    \"pais\": \"Egipto\",\n    \"numeroHabitantes\": 1000000,\n    \"supermercados\": [\n      {\n        \"id\": 1,\n        \"nombre\": \"Supermercado Ejemplo\",\n        \"longitud\": 123.456789,\n        \"latitud\": 45.678901,\n        \"paginaWeb\": \"https://www.supermercadoejemplo.com\",\n        \"ciudades\": [\n          {\n            \"value\": \"<Circular reference to #/components/schemas/Ciudad detected>\"\n          },\n          {\n            \"value\": \"<Circular reference to #/components/schemas/Ciudad detected>\"\n          }\n        ]\n      },\n      {\n        \"id\": 1,\n        \"nombre\": \"Supermercado Ejemplo\",\n        \"longitud\": 123.456789,\n        \"latitud\": 45.678901,\n        \"paginaWeb\": \"https://www.supermercadoejemplo.com\",\n        \"ciudades\": [\n          {\n            \"value\": \"<Circular reference to #/components/schemas/Ciudad detected>\"\n          },\n          {\n            \"value\": \"<Circular reference to #/components/schemas/Ciudad detected>\"\n          }\n        ]\n      }\n    ]\n  }\n]"
						}
					]
				},
				{
					"name": "find One - valid ID",
					"event": [
						{
							"listen": "test",
							"script": {
								"exec": [
									"pm.test(\"Código de estado debe ser 200\", function () {",
									"    pm.response.to.have.status(200);",
									"});",
									"pm.test(\"El arreglo de respuesta no debe ser vacío\", function () {",
									"    pm.expect(pm.response.json()).to.not.be.empty;",
									"});",
									""
								],
								"type": "text/javascript"
							}
						}
					],
					"request": {
						"method": "GET",
						"header": [
							{
								"key": "Accept",
								"value": "application/json"
							}
						],
						"url": {
							"raw": "{{baseUrl}}/api/v1/cities/{{ciudad_id}}",
							"host": [
								"{{baseUrl}}"
							],
							"path": [
								"api",
								"v1",
								"cities",
								"{{ciudad_id}}"
							]
						}
					},
					"response": [
						{
							"name": "Obtiene una ciudad por su ID",
							"originalRequest": {
								"method": "GET",
								"header": [
									{
										"key": "Accept",
										"value": "application/json"
									}
								],
								"url": {
									"raw": "{{baseUrl}}/api/v1/cities/:id",
									"host": [
										"{{baseUrl}}"
									],
									"path": [
										"api",
										"v1",
										"cities",
										":id"
									],
									"variable": [
										{
											"key": "id"
										}
									]
								}
							},
							"status": "OK",
							"code": 200,
							"_postman_previewlanguage": "json",
							"header": [
								{
									"key": "Content-Type",
									"value": "application/json"
								}
							],
							"cookie": [],
							"body": "{\n  \"id\": 1,\n  \"nombre\": \"Ciudad del Cairo\",\n  \"pais\": \"Egipto\",\n  \"numeroHabitantes\": 1000000,\n  \"supermercados\": [\n    {\n      \"id\": 1,\n      \"nombre\": \"Supermercado Ejemplo\",\n      \"longitud\": 123.456789,\n      \"latitud\": 45.678901,\n      \"paginaWeb\": \"https://www.supermercadoejemplo.com\",\n      \"ciudades\": [\n        {\n          \"value\": \"<Circular reference to #/components/schemas/Ciudad detected>\"\n        },\n        {\n          \"value\": \"<Circular reference to #/components/schemas/Ciudad detected>\"\n        }\n      ]\n    },\n    {\n      \"id\": 1,\n      \"nombre\": \"Supermercado Ejemplo\",\n      \"longitud\": 123.456789,\n      \"latitud\": 45.678901,\n      \"paginaWeb\": \"https://www.supermercadoejemplo.com\",\n      \"ciudades\": [\n        {\n          \"value\": \"<Circular reference to #/components/schemas/Ciudad detected>\"\n        },\n        {\n          \"value\": \"<Circular reference to #/components/schemas/Ciudad detected>\"\n        }\n      ]\n    }\n  ]\n}"
						},
						{
							"name": "Ciudad no encontrada",
							"originalRequest": {
								"method": "GET",
								"header": [
									{
										"key": "Accept",
										"value": "application/json"
									}
								],
								"url": {
									"raw": "{{baseUrl}}/api/v1/cities/:id",
									"host": [
										"{{baseUrl}}"
									],
									"path": [
										"api",
										"v1",
										"cities",
										":id"
									],
									"variable": [
										{
											"key": "id"
										}
									]
								}
							},
							"status": "Not Found",
							"code": 404,
							"_postman_previewlanguage": "json",
							"header": [
								{
									"key": "Content-Type",
									"value": "application/json"
								}
							],
							"cookie": [],
							"body": "{\n  \"statusCode\": 404,\n  \"error\": \"Not Found \",\n  \"message\": \"Longitud del campo invalida / ID no encontrado\"\n}"
						}
					]
				},
				{
					"name": "find One - Invalid ID",
					"event": [
						{
							"listen": "test",
							"script": {
								"exec": [
									"",
									"pm.test(\"Status code is 404\", function () {",
									"   pm.response.to.have.status(404);",
									"});",
									"pm.test(\"El estado de la respuesta es 404\", function () {",
									"    pm.expect(pm.response.code).to.equal(404);",
									"});",
									"pm.test(\"El campo 'message' no está vacío\", function () {",
									"    pm.expect(pm.response.json().message).to.not.be.empty;",
									"});",
									"",
									"pm.test(\"El campo 'statusCode' es 404\", function () {",
									"    pm.expect(pm.response.json().statusCode).to.equal(404);",
									"});",
									"",
									"",
									""
								],
								"type": "text/javascript"
							}
						}
					],
					"request": {
						"method": "GET",
						"header": [
							{
								"key": "Accept",
								"value": "application/json"
							}
						],
						"url": {
							"raw": "{{baseUrl}}/api/v1/cities/0",
							"host": [
								"{{baseUrl}}"
							],
							"path": [
								"api",
								"v1",
								"cities",
								"0"
							]
						}
					},
					"response": [
						{
							"name": "Obtiene una ciudad por su ID",
							"originalRequest": {
								"method": "GET",
								"header": [
									{
										"key": "Accept",
										"value": "application/json"
									}
								],
								"url": {
									"raw": "{{baseUrl}}/api/v1/cities/:id",
									"host": [
										"{{baseUrl}}"
									],
									"path": [
										"api",
										"v1",
										"cities",
										":id"
									],
									"variable": [
										{
											"key": "id"
										}
									]
								}
							},
							"status": "OK",
							"code": 200,
							"_postman_previewlanguage": "json",
							"header": [
								{
									"key": "Content-Type",
									"value": "application/json"
								}
							],
							"cookie": [],
							"body": "{\n  \"id\": 1,\n  \"nombre\": \"Ciudad del Cairo\",\n  \"pais\": \"Egipto\",\n  \"numeroHabitantes\": 1000000,\n  \"supermercados\": [\n    {\n      \"id\": 1,\n      \"nombre\": \"Supermercado Ejemplo\",\n      \"longitud\": 123.456789,\n      \"latitud\": 45.678901,\n      \"paginaWeb\": \"https://www.supermercadoejemplo.com\",\n      \"ciudades\": [\n        {\n          \"value\": \"<Circular reference to #/components/schemas/Ciudad detected>\"\n        },\n        {\n          \"value\": \"<Circular reference to #/components/schemas/Ciudad detected>\"\n        }\n      ]\n    },\n    {\n      \"id\": 1,\n      \"nombre\": \"Supermercado Ejemplo\",\n      \"longitud\": 123.456789,\n      \"latitud\": 45.678901,\n      \"paginaWeb\": \"https://www.supermercadoejemplo.com\",\n      \"ciudades\": [\n        {\n          \"value\": \"<Circular reference to #/components/schemas/Ciudad detected>\"\n        },\n        {\n          \"value\": \"<Circular reference to #/components/schemas/Ciudad detected>\"\n        }\n      ]\n    }\n  ]\n}"
						},
						{
							"name": "Ciudad no encontrada",
							"originalRequest": {
								"method": "GET",
								"header": [
									{
										"key": "Accept",
										"value": "application/json"
									}
								],
								"url": {
									"raw": "{{baseUrl}}/api/v1/cities/:id",
									"host": [
										"{{baseUrl}}"
									],
									"path": [
										"api",
										"v1",
										"cities",
										":id"
									],
									"variable": [
										{
											"key": "id"
										}
									]
								}
							},
							"status": "Not Found",
							"code": 404,
							"_postman_previewlanguage": "json",
							"header": [
								{
									"key": "Content-Type",
									"value": "application/json"
								}
							],
							"cookie": [],
							"body": "{\n  \"statusCode\": 404,\n  \"error\": \"Not Found \",\n  \"message\": \"Longitud del campo invalida / ID no encontrado\"\n}"
						}
					]
				},
				{
					"name": "update - valid ID",
					"event": [
						{
							"listen": "test",
							"script": {
								"exec": [
									"",
									"pm.test(\"Status code is 200\", function () {",
									"   pm.response.to.have.status(200);",
									"});",
									"",
									"pm.test(\"El tipo de dato del campo 'id' es número\", function () {",
									"    pm.expect(typeof pm.response.json().id).to.eql('number');",
									"});",
									"",
									"pm.test(\"El campo 'id' no es vacío\", function () {",
									"    pm.expect((pm.response.json().id).toString()).to.not.be.empty;",
									"});",
									"",
									"pm.test(\"El tipo de dato del campo 'nombre' es cadena\", function () {",
									"    pm.expect(typeof pm.response.json().nombre).to.eql('string');",
									"});",
									"",
									"pm.test(\"El campo 'nombre' no es vacío\", function () {",
									"    pm.expect(pm.response.json().nombre).to.not.be.empty;",
									"});",
									""
								],
								"type": "text/javascript"
							}
						}
					],
					"request": {
						"method": "PUT",
						"header": [
							{
								"key": "Content-Type",
								"value": "application/json"
							},
							{
								"key": "Accept",
								"value": "application/json"
							}
						],
						"body": {
							"mode": "raw",
							"raw": "{\n  \"nombre\": \"Ciudad de la plata Actualizada\",\n  \"pais\": \"Argentina\",\n  \"numeroHabitantes\": 1000000\n}",
							"options": {
								"raw": {
									"headerFamily": "json",
									"language": "json"
								}
							}
						},
						"url": {
							"raw": "{{baseUrl}}/api/v1/cities/{{ciudad_id}}",
							"host": [
								"{{baseUrl}}"
							],
							"path": [
								"api",
								"v1",
								"cities",
								"{{ciudad_id}}"
							]
						}
					},
					"response": [
						{
							"name": "Actualiza una ciudad por su ID",
							"originalRequest": {
								"method": "PUT",
								"header": [
									{
										"key": "Content-Type",
										"value": "application/json"
									},
									{
										"key": "Accept",
										"value": "application/json"
									}
								],
								"body": {
									"mode": "raw",
									"raw": "{\n  \"nombre\": \"Ciudad de la plata\",\n  \"pais\": \"Argentina\",\n  \"numeroHabitantes\": 1000000\n}",
									"options": {
										"raw": {
											"headerFamily": "json",
											"language": "json"
										}
									}
								},
								"url": {
									"raw": "{{baseUrl}}/api/v1/cities/:id",
									"host": [
										"{{baseUrl}}"
									],
									"path": [
										"api",
										"v1",
										"cities",
										":id"
									],
									"variable": [
										{
											"key": "id"
										}
									]
								}
							},
							"status": "OK",
							"code": 200,
							"_postman_previewlanguage": "json",
							"header": [
								{
									"key": "Content-Type",
									"value": "application/json"
								}
							],
							"cookie": [],
							"body": "{\n  \"id\": 1,\n  \"nombre\": \"Ciudad del Cairo\",\n  \"pais\": \"Egipto\",\n  \"numeroHabitantes\": 1000000,\n  \"supermercados\": [\n    {\n      \"id\": 1,\n      \"nombre\": \"Supermercado Ejemplo\",\n      \"longitud\": 123.456789,\n      \"latitud\": 45.678901,\n      \"paginaWeb\": \"https://www.supermercadoejemplo.com\",\n      \"ciudades\": [\n        {\n          \"value\": \"<Circular reference to #/components/schemas/Ciudad detected>\"\n        },\n        {\n          \"value\": \"<Circular reference to #/components/schemas/Ciudad detected>\"\n        }\n      ]\n    },\n    {\n      \"id\": 1,\n      \"nombre\": \"Supermercado Ejemplo\",\n      \"longitud\": 123.456789,\n      \"latitud\": 45.678901,\n      \"paginaWeb\": \"https://www.supermercadoejemplo.com\",\n      \"ciudades\": [\n        {\n          \"value\": \"<Circular reference to #/components/schemas/Ciudad detected>\"\n        },\n        {\n          \"value\": \"<Circular reference to #/components/schemas/Ciudad detected>\"\n        }\n      ]\n    }\n  ]\n}"
						},
						{
							"name": "Datos de entrada inválidos",
							"originalRequest": {
								"method": "PUT",
								"header": [
									{
										"key": "Content-Type",
										"value": "application/json"
									},
									{
										"key": "Accept",
										"value": "application/json"
									}
								],
								"body": {
									"mode": "raw",
									"raw": "{\n  \"nombre\": \"Ciudad de la plata\",\n  \"pais\": \"Argentina\",\n  \"numeroHabitantes\": 1000000\n}",
									"options": {
										"raw": {
											"headerFamily": "json",
											"language": "json"
										}
									}
								},
								"url": {
									"raw": "{{baseUrl}}/api/v1/cities/:id",
									"host": [
										"{{baseUrl}}"
									],
									"path": [
										"api",
										"v1",
										"cities",
										":id"
									],
									"variable": [
										{
											"key": "id"
										}
									]
								}
							},
							"status": "Bad Request",
							"code": 400,
							"_postman_previewlanguage": "json",
							"header": [
								{
									"key": "Content-Type",
									"value": "application/json"
								}
							],
							"cookie": [],
							"body": "{\n  \"statusCode\": 404,\n  \"error\": \"Not Found \",\n  \"message\": \"Longitud del campo invalida / ID no encontrado\"\n}"
						},
						{
							"name": "Ciudad no encontrada",
							"originalRequest": {
								"method": "PUT",
								"header": [
									{
										"key": "Content-Type",
										"value": "application/json"
									},
									{
										"key": "Accept",
										"value": "application/json"
									}
								],
								"body": {
									"mode": "raw",
									"raw": "{\n  \"nombre\": \"Ciudad de la plata\",\n  \"pais\": \"Argentina\",\n  \"numeroHabitantes\": 1000000\n}",
									"options": {
										"raw": {
											"headerFamily": "json",
											"language": "json"
										}
									}
								},
								"url": {
									"raw": "{{baseUrl}}/api/v1/cities/:id",
									"host": [
										"{{baseUrl}}"
									],
									"path": [
										"api",
										"v1",
										"cities",
										":id"
									],
									"variable": [
										{
											"key": "id"
										}
									]
								}
							},
							"status": "Not Found",
							"code": 404,
							"_postman_previewlanguage": "json",
							"header": [
								{
									"key": "Content-Type",
									"value": "application/json"
								}
							],
							"cookie": [],
							"body": "{\n  \"statusCode\": 404,\n  \"error\": \"Not Found \",\n  \"message\": \"Longitud del campo invalida / ID no encontrado\"\n}"
						}
					]
				},
				{
					"name": "update - Invalid ID",
					"event": [
						{
							"listen": "test",
							"script": {
								"exec": [
									"",
									"pm.test(\"Status code is 404\", function () {",
									"   pm.response.to.have.status(404);",
									"});",
									"pm.test(\"El estado de la respuesta es 404\", function () {",
									"    pm.expect(pm.response.code).to.equal(404);",
									"});",
									"pm.test(\"El campo 'message' no está vacío\", function () {",
									"    pm.expect(pm.response.json().message).to.not.be.empty;",
									"});",
									"",
									"pm.test(\"El campo 'statusCode' es 404\", function () {",
									"    pm.expect(pm.response.json().statusCode).to.equal(404);",
									"});",
									"",
									"",
									""
								],
								"type": "text/javascript"
							}
						}
					],
					"request": {
						"method": "PUT",
						"header": [
							{
								"key": "Content-Type",
								"value": "application/json"
							},
							{
								"key": "Accept",
								"value": "application/json"
							}
						],
						"body": {
							"mode": "raw",
							"raw": "{\n  \"nombre\": \"Ciudad de la plata\",\n  \"pais\": \"Argentina\",\n  \"numeroHabitantes\": 1000000\n}",
							"options": {
								"raw": {
									"headerFamily": "json",
									"language": "json"
								}
							}
						},
						"url": {
							"raw": "{{baseUrl}}/api/v1/cities/0",
							"host": [
								"{{baseUrl}}"
							],
							"path": [
								"api",
								"v1",
								"cities",
								"0"
							]
						}
					},
					"response": [
						{
							"name": "Actualiza una ciudad por su ID",
							"originalRequest": {
								"method": "PUT",
								"header": [
									{
										"key": "Content-Type",
										"value": "application/json"
									},
									{
										"key": "Accept",
										"value": "application/json"
									}
								],
								"body": {
									"mode": "raw",
									"raw": "{\n  \"nombre\": \"Ciudad de la plata\",\n  \"pais\": \"Argentina\",\n  \"numeroHabitantes\": 1000000\n}",
									"options": {
										"raw": {
											"headerFamily": "json",
											"language": "json"
										}
									}
								},
								"url": {
									"raw": "{{baseUrl}}/api/v1/cities/:id",
									"host": [
										"{{baseUrl}}"
									],
									"path": [
										"api",
										"v1",
										"cities",
										":id"
									],
									"variable": [
										{
											"key": "id"
										}
									]
								}
							},
							"status": "OK",
							"code": 200,
							"_postman_previewlanguage": "json",
							"header": [
								{
									"key": "Content-Type",
									"value": "application/json"
								}
							],
							"cookie": [],
							"body": "{\n  \"id\": 1,\n  \"nombre\": \"Ciudad del Cairo\",\n  \"pais\": \"Egipto\",\n  \"numeroHabitantes\": 1000000,\n  \"supermercados\": [\n    {\n      \"id\": 1,\n      \"nombre\": \"Supermercado Ejemplo\",\n      \"longitud\": 123.456789,\n      \"latitud\": 45.678901,\n      \"paginaWeb\": \"https://www.supermercadoejemplo.com\",\n      \"ciudades\": [\n        {\n          \"value\": \"<Circular reference to #/components/schemas/Ciudad detected>\"\n        },\n        {\n          \"value\": \"<Circular reference to #/components/schemas/Ciudad detected>\"\n        }\n      ]\n    },\n    {\n      \"id\": 1,\n      \"nombre\": \"Supermercado Ejemplo\",\n      \"longitud\": 123.456789,\n      \"latitud\": 45.678901,\n      \"paginaWeb\": \"https://www.supermercadoejemplo.com\",\n      \"ciudades\": [\n        {\n          \"value\": \"<Circular reference to #/components/schemas/Ciudad detected>\"\n        },\n        {\n          \"value\": \"<Circular reference to #/components/schemas/Ciudad detected>\"\n        }\n      ]\n    }\n  ]\n}"
						},
						{
							"name": "Datos de entrada inválidos",
							"originalRequest": {
								"method": "PUT",
								"header": [
									{
										"key": "Content-Type",
										"value": "application/json"
									},
									{
										"key": "Accept",
										"value": "application/json"
									}
								],
								"body": {
									"mode": "raw",
									"raw": "{\n  \"nombre\": \"Ciudad de la plata\",\n  \"pais\": \"Argentina\",\n  \"numeroHabitantes\": 1000000\n}",
									"options": {
										"raw": {
											"headerFamily": "json",
											"language": "json"
										}
									}
								},
								"url": {
									"raw": "{{baseUrl}}/api/v1/cities/:id",
									"host": [
										"{{baseUrl}}"
									],
									"path": [
										"api",
										"v1",
										"cities",
										":id"
									],
									"variable": [
										{
											"key": "id"
										}
									]
								}
							},
							"status": "Bad Request",
							"code": 400,
							"_postman_previewlanguage": "json",
							"header": [
								{
									"key": "Content-Type",
									"value": "application/json"
								}
							],
							"cookie": [],
							"body": "{\n  \"statusCode\": 404,\n  \"error\": \"Not Found \",\n  \"message\": \"Longitud del campo invalida / ID no encontrado\"\n}"
						},
						{
							"name": "Ciudad no encontrada",
							"originalRequest": {
								"method": "PUT",
								"header": [
									{
										"key": "Content-Type",
										"value": "application/json"
									},
									{
										"key": "Accept",
										"value": "application/json"
									}
								],
								"body": {
									"mode": "raw",
									"raw": "{\n  \"nombre\": \"Ciudad de la plata\",\n  \"pais\": \"Argentina\",\n  \"numeroHabitantes\": 1000000\n}",
									"options": {
										"raw": {
											"headerFamily": "json",
											"language": "json"
										}
									}
								},
								"url": {
									"raw": "{{baseUrl}}/api/v1/cities/:id",
									"host": [
										"{{baseUrl}}"
									],
									"path": [
										"api",
										"v1",
										"cities",
										":id"
									],
									"variable": [
										{
											"key": "id"
										}
									]
								}
							},
							"status": "Not Found",
							"code": 404,
							"_postman_previewlanguage": "json",
							"header": [
								{
									"key": "Content-Type",
									"value": "application/json"
								}
							],
							"cookie": [],
							"body": "{\n  \"statusCode\": 404,\n  \"error\": \"Not Found \",\n  \"message\": \"Longitud del campo invalida / ID no encontrado\"\n}"
						}
					]
				},
				{
					"name": "delete - Valid ID",
					"event": [
						{
							"listen": "test",
							"script": {
								"exec": [
									"",
									"pm.test(\"Status code is 204\", function () {",
									"   pm.response.to.have.status(204);",
									"});",
									""
								],
								"type": "text/javascript"
							}
						}
					],
					"request": {
						"method": "DELETE",
						"header": [
							{
								"key": "Accept",
								"value": "application/json"
							}
						],
						"url": {
							"raw": "{{baseUrl}}/api/v1/cities/{{ciudad_id}}",
							"host": [
								"{{baseUrl}}"
							],
							"path": [
								"api",
								"v1",
								"cities",
								"{{ciudad_id}}"
							]
						}
					},
					"response": [
						{
							"name": "Elimina una ciudad por su ID",
							"originalRequest": {
								"method": "DELETE",
								"header": [],
								"url": {
									"raw": "{{baseUrl}}/api/v1/cities/:id",
									"host": [
										"{{baseUrl}}"
									],
									"path": [
										"api",
										"v1",
										"cities",
										":id"
									],
									"variable": [
										{
											"key": "id"
										}
									]
								}
							},
							"status": "No Content",
							"code": 204,
							"_postman_previewlanguage": "text",
							"header": [],
							"cookie": [],
							"body": ""
						},
						{
							"name": "Ciudad no encontrada",
							"originalRequest": {
								"method": "DELETE",
								"header": [
									{
										"key": "Accept",
										"value": "application/json"
									}
								],
								"url": {
									"raw": "{{baseUrl}}/api/v1/cities/:id",
									"host": [
										"{{baseUrl}}"
									],
									"path": [
										"api",
										"v1",
										"cities",
										":id"
									],
									"variable": [
										{
											"key": "id"
										}
									]
								}
							},
							"status": "Not Found",
							"code": 404,
							"_postman_previewlanguage": "json",
							"header": [
								{
									"key": "Content-Type",
									"value": "application/json"
								}
							],
							"cookie": [],
							"body": "{\n  \"statusCode\": 404,\n  \"error\": \"Not Found \",\n  \"message\": \"Longitud del campo invalida / ID no encontrado\"\n}"
						}
					]
				},
				{
					"name": "delete - Invalid ID",
					"event": [
						{
							"listen": "test",
							"script": {
								"exec": [
									"",
									"pm.test(\"Status code is 404\", function () {",
									"   pm.response.to.have.status(404);",
									"});",
									"pm.test(\"El estado de la respuesta es 404\", function () {",
									"    pm.expect(pm.response.code).to.equal(404);",
									"});",
									"pm.test(\"El campo 'message' no está vacío\", function () {",
									"    pm.expect(pm.response.json().message).to.not.be.empty;",
									"});",
									"",
									"pm.test(\"El campo 'statusCode' es 404\", function () {",
									"    pm.expect(pm.response.json().statusCode).to.equal(404);",
									"});",
									"",
									"",
									""
								],
								"type": "text/javascript"
							}
						}
					],
					"request": {
						"method": "DELETE",
						"header": [
							{
								"key": "Accept",
								"value": "application/json"
							}
						],
						"url": {
							"raw": "{{baseUrl}}/api/v1/cities/0",
							"host": [
								"{{baseUrl}}"
							],
							"path": [
								"api",
								"v1",
								"cities",
								"0"
							]
						}
					},
					"response": [
						{
							"name": "Elimina una ciudad por su ID",
							"originalRequest": {
								"method": "DELETE",
								"header": [],
								"url": {
									"raw": "{{baseUrl}}/api/v1/cities/:id",
									"host": [
										"{{baseUrl}}"
									],
									"path": [
										"api",
										"v1",
										"cities",
										":id"
									],
									"variable": [
										{
											"key": "id"
										}
									]
								}
							},
							"status": "No Content",
							"code": 204,
							"_postman_previewlanguage": "text",
							"header": [],
							"cookie": [],
							"body": ""
						},
						{
							"name": "Ciudad no encontrada",
							"originalRequest": {
								"method": "DELETE",
								"header": [
									{
										"key": "Accept",
										"value": "application/json"
									}
								],
								"url": {
									"raw": "{{baseUrl}}/api/v1/cities/:id",
									"host": [
										"{{baseUrl}}"
									],
									"path": [
										"api",
										"v1",
										"cities",
										":id"
									],
									"variable": [
										{
											"key": "id"
										}
									]
								}
							},
							"status": "Not Found",
							"code": 404,
							"_postman_previewlanguage": "json",
							"header": [
								{
									"key": "Content-Type",
									"value": "application/json"
								}
							],
							"cookie": [],
							"body": "{\n  \"statusCode\": 404,\n  \"error\": \"Not Found \",\n  \"message\": \"Longitud del campo invalida / ID no encontrado\"\n}"
						}
					]
				}
			],
			"description": "Gestión de ciudades"
		}
	],
	"variable": [
		{
			"key": "baseUrl",
			"value": "http://localhost:3000"
		}
	]
}