{
	"info": {
		"_postman_id": "07c9cb5d-9bde-4d66-b571-b0a556d5b18f",
		"name": "Supermarket API - Supermercados",
		"description": "API para la consulta de la oferta de supermercados en las ciudades",
		"schema": "https://schema.getpostman.com/json/collection/v2.1.0/collection.json",
		"_exporter_id": "23864991",
		"_collection_link": "https://galactic-astronaut-467655.postman.co/workspace/ABC-JOBS~ba98451d-06c5-4dc2-838e-4db17501dd58/collection/23864991-07c9cb5d-9bde-4d66-b571-b0a556d5b18f?action=share&source=collection_link&creator=23864991"
	},
	"item": [
		{
			"name": "Supermercados",
			"item": [
				{
					"name": "create - Valid",
					"event": [
						{
							"listen": "test",
							"script": {
								"exec": [
									"var data = pm.response.json()",
									"pm.globals.set(\"supermercado_id\", data.id);",
									"",
									"pm.test(\"Status code is 201\", function () {",
									"   pm.response.to.have.status(201);",
									"});",
									"",
									"pm.test(\"El tipo de dato del campo 'id' es número\", function () {",
									"    pm.expect(typeof pm.response.json().id).to.eql('number');",
									"});",
									"",
									"pm.test(\"El campo 'id' no es vacío\", function () {",
									"    pm.expect((pm.response.json().id).toString()).to.not.be.empty;",
									"});",
									"",
									"pm.test(\"El tipo de dato del campo 'nombre' es cadena\", function () {",
									"    pm.expect(typeof pm.response.json().nombre).to.eql('string');",
									"});",
									"",
									"pm.test(\"El campo 'nombre' no es vacío\", function () {",
									"    pm.expect(pm.response.json().nombre).to.not.be.empty;",
									"});",
									"",
									""
								],
								"type": "text/javascript"
							}
						}
					],
					"request": {
						"method": "POST",
						"header": [
							{
								"key": "Content-Type",
								"value": "application/json"
							},
							{
								"key": "Accept",
								"value": "application/json"
							}
						],
						"body": {
							"mode": "raw",
							"raw": "{\n  \"nombre\": \"Supermercado Don Chucho\",\n  \"longitud\": 123.456789,\n  \"latitud\": 45.678901,\n  \"paginaWeb\": \"https://www.supermercado-don-chucho.com\"\n}",
							"options": {
								"raw": {
									"headerFamily": "json",
									"language": "json"
								}
							}
						},
						"url": {
							"raw": "{{baseUrl}}/api/v1/supermarkets",
							"host": [
								"{{baseUrl}}"
							],
							"path": [
								"api",
								"v1",
								"supermarkets"
							]
						}
					},
					"response": [
						{
							"name": "Crea un nuevo supermercado",
							"originalRequest": {
								"method": "POST",
								"header": [
									{
										"key": "Content-Type",
										"value": "application/json"
									},
									{
										"key": "Accept",
										"value": "application/json"
									}
								],
								"body": {
									"mode": "raw",
									"raw": "{\n  \"nombre\": \"Supermercado Don Chucho\",\n  \"longitud\": 123.456789,\n  \"latitud\": 45.678901,\n  \"paginaWeb\": \"https://www.supermercado-don-chucho.com\"\n}",
									"options": {
										"raw": {
											"headerFamily": "json",
											"language": "json"
										}
									}
								},
								"url": {
									"raw": "{{baseUrl}}/api/v1/supermarkets",
									"host": [
										"{{baseUrl}}"
									],
									"path": [
										"api",
										"v1",
										"supermarkets"
									]
								}
							},
							"status": "Created",
							"code": 201,
							"_postman_previewlanguage": "json",
							"header": [
								{
									"key": "Content-Type",
									"value": "application/json"
								}
							],
							"cookie": [],
							"body": "{\n  \"id\": 1,\n  \"nombre\": \"Supermercado Ejemplo\",\n  \"longitud\": 123.456789,\n  \"latitud\": 45.678901,\n  \"paginaWeb\": \"https://www.supermercadoejemplo.com\",\n  \"ciudades\": [\n    {\n      \"value\": \"<Circular reference to #/components/schemas/Ciudad detected>\"\n    },\n    {\n      \"value\": \"<Circular reference to #/components/schemas/Ciudad detected>\"\n    }\n  ]\n}"
						},
						{
							"name": "Datos de entrada inválidos",
							"originalRequest": {
								"method": "POST",
								"header": [
									{
										"key": "Content-Type",
										"value": "application/json"
									},
									{
										"key": "Accept",
										"value": "application/json"
									}
								],
								"body": {
									"mode": "raw",
									"raw": "{\n  \"nombre\": \"Supermercado Don Chucho\",\n  \"longitud\": 123.456789,\n  \"latitud\": 45.678901,\n  \"paginaWeb\": \"https://www.supermercado-don-chucho.com\"\n}",
									"options": {
										"raw": {
											"headerFamily": "json",
											"language": "json"
										}
									}
								},
								"url": {
									"raw": "{{baseUrl}}/api/v1/supermarkets",
									"host": [
										"{{baseUrl}}"
									],
									"path": [
										"api",
										"v1",
										"supermarkets"
									]
								}
							},
							"status": "Bad Request",
							"code": 400,
							"_postman_previewlanguage": "json",
							"header": [
								{
									"key": "Content-Type",
									"value": "application/json"
								}
							],
							"cookie": [],
							"body": "{\n  \"statusCode\": 404,\n  \"error\": \"Not Found \",\n  \"message\": \"Longitud del campo invalida / ID no encontrado\"\n}"
						}
					]
				},
				{
					"name": "create - Invalid",
					"event": [
						{
							"listen": "test",
							"script": {
								"exec": [
									"pm.test(\"El estado de la respuesta es 400 - Bad Request\", function () {",
									"    pm.expect(pm.response.code).to.equal(400);",
									"});",
									"",
									"pm.test(\"El mensaje de error no está vacío\", function () {",
									"    pm.expect(pm.response.json().error).to.not.be.empty;",
									"});",
									"",
									"pm.test(\"El campo 'message'  no está vacío\", function () {",
									"    pm.expect(pm.response.json().message).to.not.be.empty;",
									"});",
									"",
									"",
									"pm.test(\"El campo 'statusCode' es 400\", function () {",
									"    pm.expect(pm.response.json().statusCode).to.equal(400);",
									"});",
									"",
									"pm.test(\"El campo 'error' es 'Bad Request'\", function () {",
									"    pm.expect(pm.response.json().error).to.equal(\"Bad Request\");",
									"});",
									""
								],
								"type": "text/javascript"
							}
						}
					],
					"request": {
						"method": "POST",
						"header": [
							{
								"key": "Content-Type",
								"value": "application/json"
							},
							{
								"key": "Accept",
								"value": "application/json"
							}
						],
						"body": {
							"mode": "raw",
							"raw": "{\n  \"nombre\": \"Don Chucho\",\n  \"longitud\": 123.456789,\n  \"latitud\": 45.678901,\n  \"paginaWeb\": \"https://www.supermercado-don-chucho.com\"\n}",
							"options": {
								"raw": {
									"headerFamily": "json",
									"language": "json"
								}
							}
						},
						"url": {
							"raw": "{{baseUrl}}/api/v1/supermarkets",
							"host": [
								"{{baseUrl}}"
							],
							"path": [
								"api",
								"v1",
								"supermarkets"
							]
						}
					},
					"response": [
						{
							"name": "Crea un nuevo supermercado",
							"originalRequest": {
								"method": "POST",
								"header": [
									{
										"key": "Content-Type",
										"value": "application/json"
									},
									{
										"key": "Accept",
										"value": "application/json"
									}
								],
								"body": {
									"mode": "raw",
									"raw": "{\n  \"nombre\": \"Supermercado Don Chucho\",\n  \"longitud\": 123.456789,\n  \"latitud\": 45.678901,\n  \"paginaWeb\": \"https://www.supermercado-don-chucho.com\"\n}",
									"options": {
										"raw": {
											"headerFamily": "json",
											"language": "json"
										}
									}
								},
								"url": {
									"raw": "{{baseUrl}}/api/v1/supermarkets",
									"host": [
										"{{baseUrl}}"
									],
									"path": [
										"api",
										"v1",
										"supermarkets"
									]
								}
							},
							"status": "Created",
							"code": 201,
							"_postman_previewlanguage": "json",
							"header": [
								{
									"key": "Content-Type",
									"value": "application/json"
								}
							],
							"cookie": [],
							"body": "{\n  \"id\": 1,\n  \"nombre\": \"Supermercado Ejemplo\",\n  \"longitud\": 123.456789,\n  \"latitud\": 45.678901,\n  \"paginaWeb\": \"https://www.supermercadoejemplo.com\",\n  \"ciudades\": [\n    {\n      \"value\": \"<Circular reference to #/components/schemas/Ciudad detected>\"\n    },\n    {\n      \"value\": \"<Circular reference to #/components/schemas/Ciudad detected>\"\n    }\n  ]\n}"
						},
						{
							"name": "Datos de entrada inválidos",
							"originalRequest": {
								"method": "POST",
								"header": [
									{
										"key": "Content-Type",
										"value": "application/json"
									},
									{
										"key": "Accept",
										"value": "application/json"
									}
								],
								"body": {
									"mode": "raw",
									"raw": "{\n  \"nombre\": \"Supermercado Don Chucho\",\n  \"longitud\": 123.456789,\n  \"latitud\": 45.678901,\n  \"paginaWeb\": \"https://www.supermercado-don-chucho.com\"\n}",
									"options": {
										"raw": {
											"headerFamily": "json",
											"language": "json"
										}
									}
								},
								"url": {
									"raw": "{{baseUrl}}/api/v1/supermarkets",
									"host": [
										"{{baseUrl}}"
									],
									"path": [
										"api",
										"v1",
										"supermarkets"
									]
								}
							},
							"status": "Bad Request",
							"code": 400,
							"_postman_previewlanguage": "json",
							"header": [
								{
									"key": "Content-Type",
									"value": "application/json"
								}
							],
							"cookie": [],
							"body": "{\n  \"statusCode\": 404,\n  \"error\": \"Not Found \",\n  \"message\": \"Longitud del campo invalida / ID no encontrado\"\n}"
						}
					]
				},
				{
					"name": "find All",
					"event": [
						{
							"listen": "test",
							"script": {
								"exec": [
									"pm.test(\"Código de estado debe ser 200\", function () {",
									"    pm.response.to.have.status(200);",
									"});",
									"pm.test(\"El arreglo de respuesta no debe ser vacío\", function () {",
									"    pm.expect(pm.response.json()).to.not.be.empty;",
									"});",
									""
								],
								"type": "text/javascript"
							}
						}
					],
					"request": {
						"method": "GET",
						"header": [
							{
								"key": "Accept",
								"value": "application/json"
							}
						],
						"url": {
							"raw": "{{baseUrl}}/api/v1/supermarkets",
							"host": [
								"{{baseUrl}}"
							],
							"path": [
								"api",
								"v1",
								"supermarkets"
							]
						}
					},
					"response": [
						{
							"name": "Obtiene todos los supermercados",
							"originalRequest": {
								"method": "GET",
								"header": [
									{
										"key": "Accept",
										"value": "application/json"
									}
								],
								"url": {
									"raw": "{{baseUrl}}/api/v1/supermarkets",
									"host": [
										"{{baseUrl}}"
									],
									"path": [
										"api",
										"v1",
										"supermarkets"
									]
								}
							},
							"status": "OK",
							"code": 200,
							"_postman_previewlanguage": "json",
							"header": [
								{
									"key": "Content-Type",
									"value": "application/json"
								}
							],
							"cookie": [],
							"body": "[\n  {\n    \"id\": 1,\n    \"nombre\": \"Supermercado Ejemplo\",\n    \"longitud\": 123.456789,\n    \"latitud\": 45.678901,\n    \"paginaWeb\": \"https://www.supermercadoejemplo.com\",\n    \"ciudades\": [\n      {\n        \"value\": \"<Circular reference to #/components/schemas/Ciudad detected>\"\n      },\n      {\n        \"value\": \"<Circular reference to #/components/schemas/Ciudad detected>\"\n      }\n    ]\n  },\n  {\n    \"id\": 1,\n    \"nombre\": \"Supermercado Ejemplo\",\n    \"longitud\": 123.456789,\n    \"latitud\": 45.678901,\n    \"paginaWeb\": \"https://www.supermercadoejemplo.com\",\n    \"ciudades\": [\n      {\n        \"value\": \"<Circular reference to #/components/schemas/Ciudad detected>\"\n      },\n      {\n        \"value\": \"<Circular reference to #/components/schemas/Ciudad detected>\"\n      }\n    ]\n  }\n]"
						}
					]
				},
				{
					"name": "find One - Valid ID",
					"event": [
						{
							"listen": "test",
							"script": {
								"exec": [
									"pm.test(\"Código de estado debe ser 200\", function () {",
									"    pm.response.to.have.status(200);",
									"});",
									"pm.test(\"El arreglo de respuesta no debe ser vacío\", function () {",
									"    pm.expect(pm.response.json()).to.not.be.empty;",
									"});",
									""
								],
								"type": "text/javascript"
							}
						}
					],
					"request": {
						"method": "GET",
						"header": [
							{
								"key": "Accept",
								"value": "application/json"
							}
						],
						"url": {
							"raw": "{{baseUrl}}/api/v1/supermarkets/{{supermercado_id}}",
							"host": [
								"{{baseUrl}}"
							],
							"path": [
								"api",
								"v1",
								"supermarkets",
								"{{supermercado_id}}"
							]
						}
					},
					"response": [
						{
							"name": "Obtiene un supermercado por su ID",
							"originalRequest": {
								"method": "GET",
								"header": [
									{
										"key": "Accept",
										"value": "application/json"
									}
								],
								"url": {
									"raw": "{{baseUrl}}/api/v1/supermarkets/:id",
									"host": [
										"{{baseUrl}}"
									],
									"path": [
										"api",
										"v1",
										"supermarkets",
										":id"
									],
									"variable": [
										{
											"key": "id"
										}
									]
								}
							},
							"status": "OK",
							"code": 200,
							"_postman_previewlanguage": "json",
							"header": [
								{
									"key": "Content-Type",
									"value": "application/json"
								}
							],
							"cookie": [],
							"body": "{\n  \"id\": 1,\n  \"nombre\": \"Supermercado Ejemplo\",\n  \"longitud\": 123.456789,\n  \"latitud\": 45.678901,\n  \"paginaWeb\": \"https://www.supermercadoejemplo.com\",\n  \"ciudades\": [\n    {\n      \"value\": \"<Circular reference to #/components/schemas/Ciudad detected>\"\n    },\n    {\n      \"value\": \"<Circular reference to #/components/schemas/Ciudad detected>\"\n    }\n  ]\n}"
						},
						{
							"name": "Supermercado no encontrado",
							"originalRequest": {
								"method": "GET",
								"header": [
									{
										"key": "Accept",
										"value": "application/json"
									}
								],
								"url": {
									"raw": "{{baseUrl}}/api/v1/supermarkets/:id",
									"host": [
										"{{baseUrl}}"
									],
									"path": [
										"api",
										"v1",
										"supermarkets",
										":id"
									],
									"variable": [
										{
											"key": "id"
										}
									]
								}
							},
							"status": "Not Found",
							"code": 404,
							"_postman_previewlanguage": "json",
							"header": [
								{
									"key": "Content-Type",
									"value": "application/json"
								}
							],
							"cookie": [],
							"body": "{\n  \"statusCode\": 404,\n  \"error\": \"Not Found \",\n  \"message\": \"Longitud del campo invalida / ID no encontrado\"\n}"
						}
					]
				},
				{
					"name": "find One - Invalid ID",
					"event": [
						{
							"listen": "test",
							"script": {
								"exec": [
									"",
									"pm.test(\"Status code is 404\", function () {",
									"   pm.response.to.have.status(404);",
									"});",
									"pm.test(\"El estado de la respuesta es 404\", function () {",
									"    pm.expect(pm.response.code).to.equal(404);",
									"});",
									"pm.test(\"El campo 'message' no está vacío\", function () {",
									"    pm.expect(pm.response.json().message).to.not.be.empty;",
									"});",
									"",
									"pm.test(\"El campo 'statusCode' es 404\", function () {",
									"    pm.expect(pm.response.json().statusCode).to.equal(404);",
									"});",
									"",
									"",
									""
								],
								"type": "text/javascript"
							}
						}
					],
					"request": {
						"method": "GET",
						"header": [
							{
								"key": "Accept",
								"value": "application/json"
							}
						],
						"url": {
							"raw": "{{baseUrl}}/api/v1/supermarkets/0",
							"host": [
								"{{baseUrl}}"
							],
							"path": [
								"api",
								"v1",
								"supermarkets",
								"0"
							]
						}
					},
					"response": [
						{
							"name": "Obtiene un supermercado por su ID",
							"originalRequest": {
								"method": "GET",
								"header": [
									{
										"key": "Accept",
										"value": "application/json"
									}
								],
								"url": {
									"raw": "{{baseUrl}}/api/v1/supermarkets/:id",
									"host": [
										"{{baseUrl}}"
									],
									"path": [
										"api",
										"v1",
										"supermarkets",
										":id"
									],
									"variable": [
										{
											"key": "id"
										}
									]
								}
							},
							"status": "OK",
							"code": 200,
							"_postman_previewlanguage": "json",
							"header": [
								{
									"key": "Content-Type",
									"value": "application/json"
								}
							],
							"cookie": [],
							"body": "{\n  \"id\": 1,\n  \"nombre\": \"Supermercado Ejemplo\",\n  \"longitud\": 123.456789,\n  \"latitud\": 45.678901,\n  \"paginaWeb\": \"https://www.supermercadoejemplo.com\",\n  \"ciudades\": [\n    {\n      \"value\": \"<Circular reference to #/components/schemas/Ciudad detected>\"\n    },\n    {\n      \"value\": \"<Circular reference to #/components/schemas/Ciudad detected>\"\n    }\n  ]\n}"
						},
						{
							"name": "Supermercado no encontrado",
							"originalRequest": {
								"method": "GET",
								"header": [
									{
										"key": "Accept",
										"value": "application/json"
									}
								],
								"url": {
									"raw": "{{baseUrl}}/api/v1/supermarkets/:id",
									"host": [
										"{{baseUrl}}"
									],
									"path": [
										"api",
										"v1",
										"supermarkets",
										":id"
									],
									"variable": [
										{
											"key": "id"
										}
									]
								}
							},
							"status": "Not Found",
							"code": 404,
							"_postman_previewlanguage": "json",
							"header": [
								{
									"key": "Content-Type",
									"value": "application/json"
								}
							],
							"cookie": [],
							"body": "{\n  \"statusCode\": 404,\n  \"error\": \"Not Found \",\n  \"message\": \"Longitud del campo invalida / ID no encontrado\"\n}"
						}
					]
				},
				{
					"name": "update - Valid ID",
					"event": [
						{
							"listen": "test",
							"script": {
								"exec": [
									"",
									"pm.test(\"Status code is 200\", function () {",
									"   pm.response.to.have.status(200);",
									"});",
									"",
									"pm.test(\"El tipo de dato del campo 'id' es número\", function () {",
									"    pm.expect(typeof pm.response.json().id).to.eql('number');",
									"});",
									"",
									"pm.test(\"El campo 'id' no es vacío\", function () {",
									"    pm.expect((pm.response.json().id).toString()).to.not.be.empty;",
									"});",
									"",
									"pm.test(\"El tipo de dato del campo 'nombre' es cadena\", function () {",
									"    pm.expect(typeof pm.response.json().nombre).to.eql('string');",
									"});",
									"",
									"pm.test(\"El campo 'nombre' no es vacío\", function () {",
									"    pm.expect(pm.response.json().nombre).to.not.be.empty;",
									"});",
									""
								],
								"type": "text/javascript"
							}
						}
					],
					"request": {
						"method": "PUT",
						"header": [
							{
								"key": "Content-Type",
								"value": "application/json"
							},
							{
								"key": "Accept",
								"value": "application/json"
							}
						],
						"body": {
							"mode": "raw",
							"raw": "{\n  \"nombre\": \"Supermercado Don Chucho\",\n  \"longitud\": 123.456789,\n  \"latitud\": 45.678901,\n  \"paginaWeb\": \"https://www.supermercado-don-chucho.com\"\n}",
							"options": {
								"raw": {
									"headerFamily": "json",
									"language": "json"
								}
							}
						},
						"url": {
							"raw": "{{baseUrl}}/api/v1/supermarkets/{{supermercado_id}}",
							"host": [
								"{{baseUrl}}"
							],
							"path": [
								"api",
								"v1",
								"supermarkets",
								"{{supermercado_id}}"
							]
						}
					},
					"response": [
						{
							"name": "Actualiza un supermercado por su ID",
							"originalRequest": {
								"method": "PUT",
								"header": [
									{
										"key": "Content-Type",
										"value": "application/json"
									},
									{
										"key": "Accept",
										"value": "application/json"
									}
								],
								"body": {
									"mode": "raw",
									"raw": "{\n  \"nombre\": \"Supermercado Don Chucho\",\n  \"longitud\": 123.456789,\n  \"latitud\": 45.678901,\n  \"paginaWeb\": \"https://www.supermercado-don-chucho.com\"\n}",
									"options": {
										"raw": {
											"headerFamily": "json",
											"language": "json"
										}
									}
								},
								"url": {
									"raw": "{{baseUrl}}/api/v1/supermarkets/:id",
									"host": [
										"{{baseUrl}}"
									],
									"path": [
										"api",
										"v1",
										"supermarkets",
										":id"
									],
									"variable": [
										{
											"key": "id"
										}
									]
								}
							},
							"status": "OK",
							"code": 200,
							"_postman_previewlanguage": "json",
							"header": [
								{
									"key": "Content-Type",
									"value": "application/json"
								}
							],
							"cookie": [],
							"body": "{\n  \"id\": 1,\n  \"nombre\": \"Supermercado Ejemplo\",\n  \"longitud\": 123.456789,\n  \"latitud\": 45.678901,\n  \"paginaWeb\": \"https://www.supermercadoejemplo.com\",\n  \"ciudades\": [\n    {\n      \"value\": \"<Circular reference to #/components/schemas/Ciudad detected>\"\n    },\n    {\n      \"value\": \"<Circular reference to #/components/schemas/Ciudad detected>\"\n    }\n  ]\n}"
						},
						{
							"name": "Datos de entrada inválidos",
							"originalRequest": {
								"method": "PUT",
								"header": [
									{
										"key": "Content-Type",
										"value": "application/json"
									},
									{
										"key": "Accept",
										"value": "application/json"
									}
								],
								"body": {
									"mode": "raw",
									"raw": "{\n  \"nombre\": \"Supermercado Don Chucho\",\n  \"longitud\": 123.456789,\n  \"latitud\": 45.678901,\n  \"paginaWeb\": \"https://www.supermercado-don-chucho.com\"\n}",
									"options": {
										"raw": {
											"headerFamily": "json",
											"language": "json"
										}
									}
								},
								"url": {
									"raw": "{{baseUrl}}/api/v1/supermarkets/:id",
									"host": [
										"{{baseUrl}}"
									],
									"path": [
										"api",
										"v1",
										"supermarkets",
										":id"
									],
									"variable": [
										{
											"key": "id"
										}
									]
								}
							},
							"status": "Bad Request",
							"code": 400,
							"_postman_previewlanguage": "json",
							"header": [
								{
									"key": "Content-Type",
									"value": "application/json"
								}
							],
							"cookie": [],
							"body": "{\n  \"statusCode\": 404,\n  \"error\": \"Not Found \",\n  \"message\": \"Longitud del campo invalida / ID no encontrado\"\n}"
						},
						{
							"name": "Supermercado no encontrado",
							"originalRequest": {
								"method": "PUT",
								"header": [
									{
										"key": "Content-Type",
										"value": "application/json"
									},
									{
										"key": "Accept",
										"value": "application/json"
									}
								],
								"body": {
									"mode": "raw",
									"raw": "{\n  \"nombre\": \"Supermercado Don Chucho\",\n  \"longitud\": 123.456789,\n  \"latitud\": 45.678901,\n  \"paginaWeb\": \"https://www.supermercado-don-chucho.com\"\n}",
									"options": {
										"raw": {
											"headerFamily": "json",
											"language": "json"
										}
									}
								},
								"url": {
									"raw": "{{baseUrl}}/api/v1/supermarkets/:id",
									"host": [
										"{{baseUrl}}"
									],
									"path": [
										"api",
										"v1",
										"supermarkets",
										":id"
									],
									"variable": [
										{
											"key": "id"
										}
									]
								}
							},
							"status": "Not Found",
							"code": 404,
							"_postman_previewlanguage": "json",
							"header": [
								{
									"key": "Content-Type",
									"value": "application/json"
								}
							],
							"cookie": [],
							"body": "{\n  \"statusCode\": 404,\n  \"error\": \"Not Found \",\n  \"message\": \"Longitud del campo invalida / ID no encontrado\"\n}"
						}
					]
				},
				{
					"name": "update - Invalid ID",
					"event": [
						{
							"listen": "test",
							"script": {
								"exec": [
									"",
									"pm.test(\"Status code is 404\", function () {",
									"   pm.response.to.have.status(404);",
									"});",
									"pm.test(\"El estado de la respuesta es 404\", function () {",
									"    pm.expect(pm.response.code).to.equal(404);",
									"});",
									"pm.test(\"El campo 'message' no está vacío\", function () {",
									"    pm.expect(pm.response.json().message).to.not.be.empty;",
									"});",
									"",
									"pm.test(\"El campo 'statusCode' es 404\", function () {",
									"    pm.expect(pm.response.json().statusCode).to.equal(404);",
									"});",
									"",
									"",
									""
								],
								"type": "text/javascript"
							}
						}
					],
					"request": {
						"method": "PUT",
						"header": [
							{
								"key": "Content-Type",
								"value": "application/json"
							},
							{
								"key": "Accept",
								"value": "application/json"
							}
						],
						"body": {
							"mode": "raw",
							"raw": "{\n  \"nombre\": \"Supermercado Don Chucho\",\n  \"longitud\": 123.456789,\n  \"latitud\": 45.678901,\n  \"paginaWeb\": \"https://www.supermercado-don-chucho.com\"\n}",
							"options": {
								"raw": {
									"headerFamily": "json",
									"language": "json"
								}
							}
						},
						"url": {
							"raw": "{{baseUrl}}/api/v1/supermarkets/0",
							"host": [
								"{{baseUrl}}"
							],
							"path": [
								"api",
								"v1",
								"supermarkets",
								"0"
							]
						}
					},
					"response": [
						{
							"name": "Actualiza un supermercado por su ID",
							"originalRequest": {
								"method": "PUT",
								"header": [
									{
										"key": "Content-Type",
										"value": "application/json"
									},
									{
										"key": "Accept",
										"value": "application/json"
									}
								],
								"body": {
									"mode": "raw",
									"raw": "{\n  \"nombre\": \"Supermercado Don Chucho\",\n  \"longitud\": 123.456789,\n  \"latitud\": 45.678901,\n  \"paginaWeb\": \"https://www.supermercado-don-chucho.com\"\n}",
									"options": {
										"raw": {
											"headerFamily": "json",
											"language": "json"
										}
									}
								},
								"url": {
									"raw": "{{baseUrl}}/api/v1/supermarkets/:id",
									"host": [
										"{{baseUrl}}"
									],
									"path": [
										"api",
										"v1",
										"supermarkets",
										":id"
									],
									"variable": [
										{
											"key": "id"
										}
									]
								}
							},
							"status": "OK",
							"code": 200,
							"_postman_previewlanguage": "json",
							"header": [
								{
									"key": "Content-Type",
									"value": "application/json"
								}
							],
							"cookie": [],
							"body": "{\n  \"id\": 1,\n  \"nombre\": \"Supermercado Ejemplo\",\n  \"longitud\": 123.456789,\n  \"latitud\": 45.678901,\n  \"paginaWeb\": \"https://www.supermercadoejemplo.com\",\n  \"ciudades\": [\n    {\n      \"value\": \"<Circular reference to #/components/schemas/Ciudad detected>\"\n    },\n    {\n      \"value\": \"<Circular reference to #/components/schemas/Ciudad detected>\"\n    }\n  ]\n}"
						},
						{
							"name": "Datos de entrada inválidos",
							"originalRequest": {
								"method": "PUT",
								"header": [
									{
										"key": "Content-Type",
										"value": "application/json"
									},
									{
										"key": "Accept",
										"value": "application/json"
									}
								],
								"body": {
									"mode": "raw",
									"raw": "{\n  \"nombre\": \"Supermercado Don Chucho\",\n  \"longitud\": 123.456789,\n  \"latitud\": 45.678901,\n  \"paginaWeb\": \"https://www.supermercado-don-chucho.com\"\n}",
									"options": {
										"raw": {
											"headerFamily": "json",
											"language": "json"
										}
									}
								},
								"url": {
									"raw": "{{baseUrl}}/api/v1/supermarkets/:id",
									"host": [
										"{{baseUrl}}"
									],
									"path": [
										"api",
										"v1",
										"supermarkets",
										":id"
									],
									"variable": [
										{
											"key": "id"
										}
									]
								}
							},
							"status": "Bad Request",
							"code": 400,
							"_postman_previewlanguage": "json",
							"header": [
								{
									"key": "Content-Type",
									"value": "application/json"
								}
							],
							"cookie": [],
							"body": "{\n  \"statusCode\": 404,\n  \"error\": \"Not Found \",\n  \"message\": \"Longitud del campo invalida / ID no encontrado\"\n}"
						},
						{
							"name": "Supermercado no encontrado",
							"originalRequest": {
								"method": "PUT",
								"header": [
									{
										"key": "Content-Type",
										"value": "application/json"
									},
									{
										"key": "Accept",
										"value": "application/json"
									}
								],
								"body": {
									"mode": "raw",
									"raw": "{\n  \"nombre\": \"Supermercado Don Chucho\",\n  \"longitud\": 123.456789,\n  \"latitud\": 45.678901,\n  \"paginaWeb\": \"https://www.supermercado-don-chucho.com\"\n}",
									"options": {
										"raw": {
											"headerFamily": "json",
											"language": "json"
										}
									}
								},
								"url": {
									"raw": "{{baseUrl}}/api/v1/supermarkets/:id",
									"host": [
										"{{baseUrl}}"
									],
									"path": [
										"api",
										"v1",
										"supermarkets",
										":id"
									],
									"variable": [
										{
											"key": "id"
										}
									]
								}
							},
							"status": "Not Found",
							"code": 404,
							"_postman_previewlanguage": "json",
							"header": [
								{
									"key": "Content-Type",
									"value": "application/json"
								}
							],
							"cookie": [],
							"body": "{\n  \"statusCode\": 404,\n  \"error\": \"Not Found \",\n  \"message\": \"Longitud del campo invalida / ID no encontrado\"\n}"
						}
					]
				},
				{
					"name": "delete - Valid ID",
					"event": [
						{
							"listen": "test",
							"script": {
								"exec": [
									"",
									"pm.test(\"Status code is 204\", function () {",
									"   pm.response.to.have.status(204);",
									"});",
									""
								],
								"type": "text/javascript"
							}
						}
					],
					"request": {
						"method": "DELETE",
						"header": [
							{
								"key": "Accept",
								"value": "application/json"
							}
						],
						"url": {
							"raw": "{{baseUrl}}/api/v1/supermarkets/{{supermercado_id}}",
							"host": [
								"{{baseUrl}}"
							],
							"path": [
								"api",
								"v1",
								"supermarkets",
								"{{supermercado_id}}"
							]
						}
					},
					"response": [
						{
							"name": "Elimina un supermercado por su ID",
							"originalRequest": {
								"method": "DELETE",
								"header": [],
								"url": {
									"raw": "{{baseUrl}}/api/v1/supermarkets/:id",
									"host": [
										"{{baseUrl}}"
									],
									"path": [
										"api",
										"v1",
										"supermarkets",
										":id"
									],
									"variable": [
										{
											"key": "id"
										}
									]
								}
							},
							"status": "No Content",
							"code": 204,
							"_postman_previewlanguage": "text",
							"header": [],
							"cookie": [],
							"body": ""
						},
						{
							"name": "Supermercado no encontrado",
							"originalRequest": {
								"method": "DELETE",
								"header": [
									{
										"key": "Accept",
										"value": "application/json"
									}
								],
								"url": {
									"raw": "{{baseUrl}}/api/v1/supermarkets/:id",
									"host": [
										"{{baseUrl}}"
									],
									"path": [
										"api",
										"v1",
										"supermarkets",
										":id"
									],
									"variable": [
										{
											"key": "id"
										}
									]
								}
							},
							"status": "Not Found",
							"code": 404,
							"_postman_previewlanguage": "json",
							"header": [
								{
									"key": "Content-Type",
									"value": "application/json"
								}
							],
							"cookie": [],
							"body": "{\n  \"statusCode\": 404,\n  \"error\": \"Not Found \",\n  \"message\": \"Longitud del campo invalida / ID no encontrado\"\n}"
						}
					]
				},
				{
					"name": "delete - Invalid ID",
					"event": [
						{
							"listen": "test",
							"script": {
								"exec": [
									"",
									"pm.test(\"Status code is 404\", function () {",
									"   pm.response.to.have.status(404);",
									"});",
									"pm.test(\"El estado de la respuesta es 404\", function () {",
									"    pm.expect(pm.response.code).to.equal(404);",
									"});",
									"pm.test(\"El campo 'message' no está vacío\", function () {",
									"    pm.expect(pm.response.json().message).to.not.be.empty;",
									"});",
									"",
									"pm.test(\"El campo 'statusCode' es 404\", function () {",
									"    pm.expect(pm.response.json().statusCode).to.equal(404);",
									"});",
									"",
									"",
									""
								],
								"type": "text/javascript"
							}
						}
					],
					"request": {
						"method": "DELETE",
						"header": [
							{
								"key": "Accept",
								"value": "application/json"
							}
						],
						"url": {
							"raw": "{{baseUrl}}/api/v1/supermarkets/0",
							"host": [
								"{{baseUrl}}"
							],
							"path": [
								"api",
								"v1",
								"supermarkets",
								"0"
							]
						}
					},
					"response": [
						{
							"name": "Elimina un supermercado por su ID",
							"originalRequest": {
								"method": "DELETE",
								"header": [],
								"url": {
									"raw": "{{baseUrl}}/api/v1/supermarkets/:id",
									"host": [
										"{{baseUrl}}"
									],
									"path": [
										"api",
										"v1",
										"supermarkets",
										":id"
									],
									"variable": [
										{
											"key": "id"
										}
									]
								}
							},
							"status": "No Content",
							"code": 204,
							"_postman_previewlanguage": "text",
							"header": [],
							"cookie": [],
							"body": ""
						},
						{
							"name": "Supermercado no encontrado",
							"originalRequest": {
								"method": "DELETE",
								"header": [
									{
										"key": "Accept",
										"value": "application/json"
									}
								],
								"url": {
									"raw": "{{baseUrl}}/api/v1/supermarkets/:id",
									"host": [
										"{{baseUrl}}"
									],
									"path": [
										"api",
										"v1",
										"supermarkets",
										":id"
									],
									"variable": [
										{
											"key": "id"
										}
									]
								}
							},
							"status": "Not Found",
							"code": 404,
							"_postman_previewlanguage": "json",
							"header": [
								{
									"key": "Content-Type",
									"value": "application/json"
								}
							],
							"cookie": [],
							"body": "{\n  \"statusCode\": 404,\n  \"error\": \"Not Found \",\n  \"message\": \"Longitud del campo invalida / ID no encontrado\"\n}"
						}
					]
				}
			],
			"description": "Gestión de supermercados"
		}
	],
	"variable": [
		{
			"key": "baseUrl",
			"value": "http://localhost:3000"
		}
	]
}